Day,Base_Rate
1,99.381218
2,98.990640
3,101.035002
4,100.168446
5,100.264098
6,99.544474
7,98.911098
8,99.752432
9,98.629894
10,99.974927
11,99.220197
12,100.247075
13,100.182553
14,99.248369
15,99.609888
16,100.006807
17,99.426474
18,98.816307
19,99.063221
20,99.013432
21,99.024233
22,98.991297
23,99.026530
24,99.059533
25,98.398704
26,98.548905
27,98.791537
28,99.063918
29,99.466730
30,100.062157
31,100.410273
